Bird ID,Longitude,Latitude,CID
51574,-77.75997247,41.30154105,1
51574,-77.75652217,41.30207673,2
51574,-77.75806408,41.3022252,3
51574,-78.07211322,40.86076725,4
51574,-77.75922609,41.30203964,4
51574,-77.75796907,41.30241338,5
51574,-77.75791918,41.30233175,6
51574,-77.75788269,41.30213435,7
51574,-77.75842966,41.30144133,8
51574,-77.75785678,41.30193319,9
51574,-77.75776176,41.30160873,10
51574,-77.75793452,41.30187479,11
51574,-77.7590977,41.30212955,12
51574,-77.75797771,41.30164118,13
51574,-77.75792588,41.30139459,14
51574,-77.75875478,41.30094163,15
51574,-77.75780495,41.30171905,16
51574,-77.75791724,41.30202404,17
51574,-77.75766805,41.30010247,18
51574,-77.75614482,41.30248102,19
51574,-77.75804681,41.30203701,20
51574,-77.75800362,41.30205648,21
51574,-77.75906813,41.30162644,22
51574,-77.75823684,41.30227062,23
51574,-77.75701712,41.30281414,24
51574,-77.7580209,41.30259508,25
51574,-77.75810727,41.3027573,26
51574,-77.75818501,41.30274432,27
51574,-77.75808136,41.30272486,28
51574,-77.7582282,41.30255614,29
51574,-77.75820229,41.30285464,30
51574,-77.75645817,41.30296162,31
51574,-77.75809864,41.30298442,32
51574,-77.75809864,41.30291304,33
51574,-77.75792588,41.30156331,34
51574,-77.75940759,41.30220424,35
51574,-77.75785678,41.30124534,36
51574,-77.75774448,41.30137512,37
51574,-77.75909199,41.30202404,38
51574,-77.7587983,41.30197212,39
51574,-77.75738744,41.30180834,40
51574,-77.7586255,41.30393263,41
51574,-77.75897802,41.30207888,42
51574,-77.75777904,41.30130374,43
51574,-77.75781359,41.30116747,44
51574,-77.75774448,41.3012064,45
51574,-77.75794315,41.30144001,46
51574,-77.7578395,41.3027573,47
51574,-77.75721757,41.30226413,48
51574,-77.75823684,41.3025237,49
51574,-77.75890196,41.30209542,50
51574,-77.75760628,41.30215382,51
51574,-77.75757173,41.30151139,52
51574,-77.75853917,41.30221222,53
51574,-77.75917604,41.3026919,54
51574,-77.75805545,41.3020435,55
51574,-77.75691514,41.30116669,56
51574,-77.75696014,41.30166389,57
51574,-77.75785678,41.30141406,58
51574,-77.7578395,41.30126481,59
51574,-77.75784814,41.30116747,60
51574,-77.75784814,41.30101822,61
51574,-77.75772721,41.30109609,62
51574,-77.75728061,41.30045477,63
51574,-77.75560952,41.30285373,64
51575,-78.11666259,40.84479072,3
51575,-78.11706857,40.84488873,5
51575,-78.11710312,40.84475151,6
51575,-78.11713145,40.84434052,7
51575,-78.11623069,40.84464696,8
51575,-78.11603202,40.84451627,9
51575,-78.11637754,40.84475805,10
51575,-78.11672305,40.84494754,11
51575,-78.11706617,40.84450842,12
51575,-78.11719674,40.84414298,13
51575,-78.11735341,40.84449855,14
51575,-78.11679216,40.84488873,15
51575,-78.11720979,40.84529857,16
51575,-78.11703402,40.84494754,17
51575,-78.11666259,40.84513051,18
51575,-78.1166885,40.84456855,19
51575,-78.11672305,40.84442479,20
51575,-78.1156606,40.84434638,21
51575,-78.11564332,40.84413074,22
51575,-78.11550511,40.84438558,23
51575,-78.11564332,40.84379748,24
51575,-78.11547056,40.84347729,25
51575,-78.114757,40.84404795,26
51575,-78.11521143,40.84343155,27
51575,-78.11491774,40.84331393,28
51575,-78.11409714,40.84345115,29
51575,-78.11365661,40.84380402,30
51575,-78.11526325,40.84454241,31
51575,-78.11479681,40.84400005,32
51575,-78.11633435,40.84490834,33
51575,-78.11651574,40.84464043,34
51575,-78.11615295,40.84459469,35
51575,-78.11572106,40.84450974,36
51575,-78.11602464,40.84400485,37
51575,-78.11460745,40.84403718,38
51575,-78.1154792,40.8438759,39
51575,-78.11563468,40.84392817,40
51575,-78.11470003,40.84400485,41
51575,-78.11573978,40.84270647,42
51575,-78.11534963,40.84343155,43
51575,-78.11509914,40.84347076,44
51575,-78.11551901,40.84357386,45
51575,-78.11574697,40.84368639,46
51575,-78.11560877,40.8435361,47
51575,-78.11541874,40.84327472,48
51575,-78.11623069,40.84407846,49
51575,-78.11534963,40.84288918,50
51575,-78.11683534,40.84503902,51
51575,-78.11687853,40.84484299,52
51575,-78.1163689,40.8446535,53
51575,-78.11589382,40.84452934,54
51575,-78.11549648,40.84441172,55
51575,-78.1157297,40.84473844,56
51575,-78.1154792,40.84362105,57
51575,-78.11562604,40.84369946,58
51575,-78.11545329,40.84379095,59
51575,-78.1152287,40.84345769,60
51575,-78.1145204,40.84343155,61
51575,-78.11427854,40.84342501,62
51575,-78.11400213,40.84343155,63
51575,-78.11355296,40.84349036,64
51575,-78.11539082,40.84485606,66
51575,-78.1147709,40.84342501,67
51575,-78.1140194,40.84341848,68
51576,-78.11322472,40.8438955,4
51576,-78.1116915,40.84347076,5
51576,-78.11085814,40.84229702,6
51576,-78.11074997,40.8435557,7
51576,-78.1099181,40.84307731,8
51576,-78.11075369,40.84343289,9
51576,-78.11081044,40.84346422,10
51576,-78.11079316,40.84363412,11
51576,-78.11061177,40.84381055,12
51576,-78.1097092,40.84436132,13
51576,-78.10900416,40.84346252,14
51576,-78.11064632,40.84348382,15
51576,-78.11039582,40.84356877,16
51576,-78.11063768,40.84356224,17
51576,-78.11103502,40.84358184,18
51576,-78.1121246,40.84279088,19
51576,-78.11186347,40.84304768,20
51576,-78.11132007,40.84291532,21
51576,-78.11165457,40.84222788,22
51576,-78.11147179,40.84231677,23
51576,-78.11092273,40.84286958,24
51576,-78.11120778,40.84278463,25
51576,-78.11122506,40.8430068,26
51576,-78.11021839,40.84271186,27
51576,-78.11125097,40.84343808,28
51576,-78.11152738,40.84335313,29
51576,-78.11148419,40.84344462,30
51576,-78.11124233,40.84352303,31
51576,-78.1116224,40.84343808,32
51576,-78.11170014,40.84327472,33
51576,-78.11091037,40.84430206,34
51576,-78.11076725,40.84364065,35
51576,-78.11050811,40.8440654,36
51576,-78.11062904,40.84392817,37
51576,-78.10972225,40.84459836,38
51576,-78.11061177,40.84388243,39
51576,-78.11049948,40.84398698,40
51576,-78.11049084,40.84421569,41
51576,-78.1108709,40.84357531,42
51576,-78.11081908,40.84280423,43
51576,-78.11133735,40.84315056,44
51576,-78.11182107,40.84341194,45
51576,-78.11189017,40.84343155,46
51576,-78.11163104,40.84388896,47
51576,-78.10967024,40.84416995,48
51576,-78.11138918,40.84343808,49
51576,-78.11094864,40.8435361,50
51576,-78.11026625,40.8435557,51
51576,-78.11049084,40.84428757,52
51576,-78.11055994,40.84398698,53
51576,-78.11102639,40.84354917,54
51576,-78.11113004,40.84345115,55
51576,-78.111441,40.84346422,56
51576,-78.11157921,40.84352957,57
51576,-78.11168286,40.84339234,58
51576,-78.1116224,40.843327,59
51576,-78.10946113,40.84429218,60
51576,-78.11125961,40.84311136,61
51576,-78.11165457,40.84240567,62
51576,-78.11124983,40.84399587,63
51576,-78.11035263,40.84366026,64
51576,-78.11374299,40.84343155,65
51577,-78.11680079,40.84505209,1
51577,-78.00165815,41.09776546,1
51577,-78.00368083,41.09790247,2
51577,-78.00179204,41.09775895,3
51577,-78.00373305,41.09785328,4
51577,-78.00186114,41.09753438,5
51577,-77.99988147,41.09819764,6
51577,-78.00192592,41.09769386,7
51577,-78.00194752,41.0977915,8
51577,-78.00186114,41.09784357,9
51577,-78.00162792,41.09793145,10
51577,-78.00152426,41.09780452,11
51577,-78.00139038,41.09764829,12
51577,-78.00147244,41.09798678,13
51577,-78.00175317,41.09791843,14
51577,-78.00197343,41.09785008,15
51577,-78.00193024,41.09775895,16
51577,-78.00421613,41.0977844,17
51577,-78.0017834,41.09763853,18
51577,-77.99864113,41.09766634,19
51577,-77.99903282,41.09763682,20
51577,-77.99980313,41.09824684,21
51577,-78.00166247,41.09691272,22
51577,-78.00232872,41.09695658,23
51577,-78.00242842,41.09690291,24
51577,-78.00179636,41.09686065,25
51577,-78.00168838,41.09685414,26
51577,-78.00166679,41.09690947,27
51577,-78.00158905,41.09695829,28
51577,-78.0014638,41.0970657,29
51577,-78.00137742,41.0971015,30
51577,-78.00133855,41.09716334,31
51577,-77.99881086,41.09764666,32
51577,-78.0018525,41.09776221,33
51577,-78.00475144,41.09794183,34
51577,-77.99937228,41.09776473,35
51577,-78.00150699,41.09764178,36
51577,-77.99848446,41.09766634,37
51577,-78.00129104,41.09766131,38
51577,-78.00143788,41.09774919,39
51577,-78.00123921,41.09766457,40
51577,-78.00125649,41.09755065,41
51577,-78.00125649,41.0974823,42
51577,-78.00125649,41.09736188,43
51577,-78.00155881,41.09768409,44
51577,-78.00202958,41.09777197,45
51577,-78.00205117,41.09767107,46
51577,-77.99945062,41.09745972,47
51577,-78.00174453,41.09764504,48
51577,-78.00161928,41.09785008,49
51577,-78.00129968,41.09790216,50
51577,-78.00149403,41.0980356,51
51577,-78.00163656,41.0980356,52
51577,-78.00163656,41.09783706,53
51577,-77.99934617,41.09744988,54
51577,-78.00097144,41.0973749,55
51577,-78.00199071,41.09732282,56
51577,-78.00006426,41.09716454,57
51577,-78.00345887,41.0977844,58
51577,-78.00161496,41.09783706,59
51577,-78.0012349,41.0980714,60
51577,-78.00174885,41.09768409,61
51577,-78.00197775,41.09762551,62
51577,-78.00164951,41.09778173,63
51577,-78.00231448,41.09662384,64
51577,-78.00149403,41.09763527,65
51577,-78.00137742,41.09716008,66
51577,-78.00149835,41.09697782,67
51577,-78.00027316,41.09699728,68
51577,-78.001602,41.09698107,69
51577,-78.00152858,41.09693225,70
51577,-78.0014638,41.09691923,71
51577,-78.00145948,41.09698758,72
51577,-78.00170566,41.0969648,73
51577,-78.00172725,41.09691923,74
51577,-78.00127849,41.09651516,75
51577,-78.00128672,41.09718938,76
51577,-78.00126513,41.09732282,77
51577,-78.0013947,41.09774268,78
51577,-78.0020581,41.09677411,79
51577,-78.00159769,41.09757669,80
51577,-78.00199503,41.09786961,81
51577,-78.00151131,41.09790541,82
51577,-78.00208141,41.09782079,83
51577,-78.00382445,41.09797134,84
51577,-78.00165383,41.09780777,85
51577,-78.0021578,41.09668287,86
51577,-78.00161064,41.09761249,87
51577,-77.99985536,41.09779424,88
51577,-77.99939839,41.09741052,89
51577,-78.0014422,41.09691272,90
51577,-78.00145948,41.096929,91
51577,-78.00041302,41.09681704,92
51577,-78.00204685,41.09776872,93
51577,-78.00130832,41.09721216,94
51577,-78.00221529,41.09806489,95
51577,-78.0015135,41.09764666,96
51577,-78.00262127,41.09734235,97
51577,-78.07157669,40.8607565,
51578,-78.11730118,40.84436027,1
51578,-77.74407507,41.2813854,1
51578,-77.74419295,41.28260242,2
51578,-77.74425647,41.28154119,3
51578,-77.74704209,41.2800268,4
51578,-77.74407545,41.28276921,5
51578,-77.74210396,41.28191563,6
51578,-77.74227369,41.2818862,7
51578,-77.74396278,41.2813854,8
51578,-77.74450918,41.28052719,9
51578,-77.74193423,41.28186657,10
51578,-77.74375547,41.28113873,11
51578,-77.74424806,41.28172419,12
51578,-77.74350498,41.2810868,13
51578,-77.74300484,41.28031635,14
51578,-77.74371228,41.28129452,15
51578,-77.74450697,41.28162557,16
51578,-77.74482657,41.28183978,17
51578,-77.74488703,41.28180083,18
51578,-77.74493022,41.28183978,19
51578,-77.74395794,41.28261223,20
51578,-77.74461926,41.28170346,21
51578,-77.74471428,41.28169697,22
51578,-77.74474883,41.28177487,23
51578,-77.74457158,41.28320091,24
51578,-77.74386655,41.28292619,25
51578,-77.7444265,41.2811584,26
51578,-77.7456558,41.28077523,27
51578,-77.74512283,41.28087059,28
51578,-77.74543986,41.28041172,29
51578,-77.74550032,41.28059347,30
51578,-77.7453362,41.28041821,31
51578,-77.74532756,41.28026891,32
51578,-77.74524982,41.28023645,33
51578,-77.74521527,41.28010663,34
51578,-77.7455867,41.28069084,35
51578,-77.7456558,41.28100891,36
51578,-77.74559534,41.28088558,37
51578,-77.74529301,41.28035329,38
51578,-77.74570763,41.28030136,39
51578,-77.74517208,41.2800482,40
51578,-77.74319921,41.28213954,41
51578,-77.74336677,41.28105435,42
51578,-77.74311627,41.28089207,43
51578,-77.74290033,41.28088558,44
51578,-77.74312234,41.28014956,45
51578,-77.74315082,41.28097645,46
51578,-77.74395414,41.28118417,47
51578,-77.74406644,41.28163206,48
51578,-77.74324273,41.28243061,49
51578,-77.74319401,41.28103487,50
51578,-77.74352225,41.28122312,51
51578,-77.74493886,41.28115172,52
51578,-77.7441269,41.28072979,53
51578,-77.74309036,41.2818982,54
51578,-77.74557806,41.27981452,55
51578,-77.74480065,41.28224223,56
51578,-77.74345315,41.28153469,57
51579,-78.00622326,41.09148685,1
51579,-78.11678352,40.84501289,2
51579,-78.00601595,41.09141524,2
51579,-78.116939,40.84481032,3
51579,-78.00604186,41.09149336,3
51579,-78.00617143,41.0915194,4
51579,-78.00613688,41.09155195,5
51579,-78.00597276,41.09160403,6
51579,-78.00620598,41.09162356,7
51579,-78.0062319,41.09159101,8
51579,-78.00612824,41.09163007,9
51579,-78.00604186,41.09149987,10
51579,-78.00595548,41.09146081,11
51579,-78.00610233,41.09147383,12
51579,-78.00621462,41.09170819,13
51579,-78.00630964,41.0916496,14
51579,-78.00631827,41.09155195,15
51579,-78.00617143,41.0913892,16
51579,-78.00603323,41.09131108,17
51579,-78.00674153,41.09110927,18
51579,-78.0096093,41.09092699,19
51579,-78.00960066,41.09105068,20
51579,-78.00968704,41.09105719,21
51579,-78.00983388,41.09077074,22
51579,-78.00983388,41.09088793,23
51579,-78.00975614,41.0910637,24
51579,-78.00969568,41.09090095,25
51579,-78.00956611,41.09095954,26
51579,-78.00977342,41.09099209,27
51579,-78.0096093,41.09114833,28
51579,-78.00971295,41.09082282,29
51579,-78.00975614,41.09077725,30
51579,-78.00978206,41.09121994,31
51579,-78.00986843,41.09108323,32
51579,-78.00992026,41.09103115,33
51579,-78.00607641,41.09157799,34
51579,-78.00613688,41.09136316,35
51579,-78.00620598,41.09168215,36
51579,-78.00633555,41.09174074,37
51579,-78.00639602,41.09180584,38
51579,-78.00649103,41.09185792,39
51579,-78.006301,41.09180584,40
51579,-78.00624053,41.09166913,41
51579,-78.00984252,41.09120041,42
51579,-78.00990299,41.09135665,43
51579,-78.00970431,41.09107672,44
51579,-78.00954883,41.09079027,45
51579,-78.00963521,41.09092699,46
51579,-78.00708704,41.09154544,47
51579,-78.00876279,41.09150638,48
51579,-78.00949701,41.09011322,49
51579,-78.00954883,41.09082282,50
51579,-78.00965249,41.09099209,51
51579,-78.00954883,41.09097907,52
51579,-78.0059814,41.09215087,53
51579,-78.00770897,41.09134363,54
51580,-77.80812911,41.3836254,1
51580,-77.80818093,41.38410499,2
51580,-77.80821549,41.38410499,3
51580,-77.80844007,41.38380687,4
51580,-77.8079909,41.38385871,5
51580,-77.80793907,41.38365132,6
51580,-77.80807728,41.38343097,7
51580,-77.80840552,41.38343097,8
51580,-77.80840552,41.38357355,9
51580,-77.80838824,41.38392352,10
51580,-77.80844007,41.38404018,11
51580,-77.80806,41.38405314,12
51580,-77.8079218,41.3840013,13
51580,-77.8078527,41.38374206,14
51580,-77.80774904,41.38371613,15
51580,-77.80766266,41.38366429,16
51580,-77.80780087,41.38344393,17
51580,-77.80826731,41.38322358,18
51580,-77.80823276,41.38309396,19
51580,-77.80847462,41.38410499,20
51580,-77.80876831,41.38442904,21
51580,-77.80840552,41.38449385,22
51580,-77.80795635,41.38431238,23
51580,-77.80778359,41.38431238,24
51580,-77.8073517,41.38393649,25
51580,-77.80774904,41.38411795,26
51580,-77.80833642,41.38448088,27
51580,-77.80830186,41.38424757,28
51580,-77.80783542,41.38318469,29
51580,-77.80795635,41.3831458,30
51580,-77.80795635,41.38300322,31
51580,-77.80823276,41.38275694,32
51580,-77.80821549,41.38291249,33
51580,-77.80823276,41.3829773,34
51580,-77.80826731,41.38322358,35
51580,-77.80842279,41.38321062,36
51580,-77.80844007,41.38306803,37
51580,-77.80847462,41.3827699,38
51580,-77.80776632,41.3837291,39
51580,-77.80890652,41.38393649,40
51580,-77.80882014,41.38337912,41
51580,-77.80968392,41.3841698,42
51580,-77.80767994,41.3840013,43
51580,-77.8067816,41.38361244,44
51580,-77.80771449,41.38358651,45
51580,-77.80731715,41.38341801,46
51580,-77.80764539,41.38319765,47
51580,-77.80724805,41.38380687,48
51580,-77.80733442,41.38426053,49
51580,-77.80802545,41.38448088,50
51580,-77.80809456,41.38476604,51
51580,-77.80850917,41.3847142,52
51580,-77.80802545,41.38494751,53
51580,-77.80864738,41.38493455,54
51580,-77.80778359,41.38470123,55
51580,-77.80757628,41.38490862,56
51580,-77.80721349,41.38454569,57
51580,-77.80672977,41.38411795,58
51580,-77.80691981,41.3840013,59
51580,-77.8072826,41.38392352,60
51580,-77.80721349,41.38345689,61
51580,-77.80726532,41.38319765,62
51580,-77.80750718,41.38305507,63
51580,-77.80769721,41.38296434,64
51580,-77.80766266,41.38283471,65
51580,-77.80778359,41.38275694,66
51580,-77.80811183,41.38266621,67
51581,-77.99573474,41.09282627,1
51581,-77.99576065,41.09265701,2
51581,-77.99559653,41.09353096,2
51581,-77.99562245,41.09263098,3
51581,-77.9952467,41.09270747,3
51581,-77.99561381,41.09283929,4
51581,-77.99580816,41.09211832,4
51581,-77.99550152,41.09250729,5
51581,-77.99575201,41.0921883,6
51581,-77.99586431,41.09219481,7
51581,-77.99635521,41.09175992,8
51581,-77.99623573,41.09220132,9
51581,-77.99487986,41.09389843,10
51581,-77.99690357,41.09237983,11
51581,-77.99571746,41.09214924,12
51581,-77.9962377,41.09185832,13
51581,-77.99606298,41.09217528,14
51581,-77.99607162,41.09230548,15
51581,-77.9942401,41.09354092,16
51581,-77.99426621,41.09364916,17
51581,-77.99543241,41.09283278,18
51581,-77.99715135,41.09321035,19
51581,-77.99592909,41.09247962,20
51581,-77.99587294,41.09255774,21
51581,-77.99493208,41.09260615,22
51581,-77.99545833,41.09260982,23
51581,-77.99641178,41.09379019,24
51581,-77.99662444,41.09329986,25
51581,-77.99568291,41.09347888,26
51581,-77.99576497,41.09346912,27
51581,-77.99581248,41.09350818,28
51581,-77.99581248,41.09344308,29
51581,-77.99437066,41.09352124,30
51581,-77.99437066,41.09358028,31
51581,-77.99677301,41.09281278,32
51581,-77.99564836,41.09287021,33
51581,-77.99557062,41.09288974,34
51581,-77.99569155,41.09298088,35
51581,-77.99569155,41.0931892,36
51581,-77.99575201,41.09323151,37
51581,-77.99575633,41.09316967,38
51581,-77.99630484,41.09338449,39
51581,-77.99559653,41.09272374,40
51581,-77.99546697,41.09241452,41
51581,-77.99662012,41.09278559,42
51581,-77.99569587,41.0941201,43
51581,-77.99532444,41.09295484,44
51581,-77.99732842,41.09350167,45
51581,-77.99585567,41.09347888,46
51581,-77.99570451,41.09284092,47
51581,-77.99490597,41.0927439,48
51581,-77.99487986,41.09263567,49
51581,-77.99516709,41.09208464,50
51581,-77.99508876,41.09199608,51
51581,-77.99614936,41.09210855,52
51581,-77.99604138,41.09205647,53
51581,-77.99518015,41.09204528,54
51581,-77.99490597,41.09257663,55
51581,-77.99563108,41.09252193,56
51581,-77.9954281,41.0925675,57
51581,-77.99679912,41.09268486,58
51581,-77.99672296,41.0939345,59
51581,-77.99638785,41.09398862,60
51614,-77.77393183,41.24394661,1
51614,-77.77366406,41.24351145,2
51614,-77.77352585,41.24318021,3
51614,-78.11688717,40.84478418,4
51614,-77.77337037,41.24309577,4
51614,-77.77321489,41.24305681,5
51614,-77.77312851,41.24310876,6
51614,-77.77360359,41.24295289,7
51614,-77.77421688,41.24310227,8
51614,-77.774381,41.24289443,9
51614,-77.77442419,41.24286196,10
51614,-77.77395774,41.2428035,11
51614,-77.77313715,41.24299186,12
51614,-77.77010041,41.23808646,13
51614,-77.77402685,41.24299186,14
51614,-77.77408731,41.2428035,15
51614,-77.76995679,41.24384608,16
51614,-77.77010041,41.24111032,17
51614,-77.77376771,41.24295938,18
51614,-77.77168021,41.24283818,19
51614,-77.77301622,41.24271907,20
51614,-77.77327535,41.24299835,21
51614,-77.7739491,41.24292691,22
51614,-77.77412186,41.24266061,23
51614,-77.77007647,41.24427803,24
51614,-77.77462286,41.24321918,25
51614,-77.77459694,41.24301784,26
51614,-77.77450193,41.24279701,27
51614,-77.77427734,41.24260865,28
51614,-77.7741305,41.24256319,29
51614,-77.77546215,41.24231623,30
51614,-77.77498343,41.24030037,31
51614,-77.77400204,41.24012038,32
51614,-77.77579726,41.24165028,33
51614,-77.76902327,41.24330613,34
51614,-77.77318034,41.24276453,35
51614,-77.7729903,41.24273855,36
51614,-77.77284346,41.24251772,37
51614,-77.77301622,41.24250473,38
51614,-77.76519345,41.24632976,39
51614,-77.7729212,41.24244627,40
51614,-77.77269662,41.24249174,41
51614,-77.76981317,41.24235222,42
51614,-77.77321489,41.24291392,43
51614,-77.77494246,41.24281,44
51614,-77.77446738,41.24261515,45
51614,-77.77458831,41.24255669,46
51614,-77.77473515,41.24279701,47
51614,-77.77400093,41.24366733,48
51614,-77.77393183,41.24310227,49
51614,-77.77103392,41.24370209,50
51614,-77.77337901,41.24233586,51
51614,-77.77391455,41.24243978,52
51614,-77.7738109,41.24245277,53
51614,-77.77641961,41.24089434,54
51614,-77.77411322,41.24238782,55
51614,-77.77337037,41.2431867,56
51614,-77.77395774,41.24234235,57
51614,-77.77421688,41.24427785,58
51614,-77.77468332,41.24448568,59
51614,-77.77264479,41.24265412,60
51614,-77.7729212,41.24229039,61
51614,-77.77438964,41.24244627,62
51614,-77.77649142,41.24276619,63
51614,-77.77473515,41.24243328,64
51614,-77.77269662,41.24495331,65
51614,-77.7724202,41.24488836,66
51614,-77.77214379,41.2447195,67
51614,-77.77195376,41.2447195,68
51614,-77.7724202,41.24484939,69
51614,-77.77219562,41.24494032,70
51614,-77.77369861,41.24543392,71
51614,-77.77380226,41.24494032,72
51614,-77.77425143,41.24490135,73
51614,-77.77388864,41.24403104,74
51614,-77.77373316,41.24386218,75
51614,-77.77314033,41.24472797,76
51614,-77.77354313,41.24312175,77
51614,-77.77319761,41.24297887,78
51614,-77.77139297,41.24409805,79
51614,-77.77305941,41.24508321,80
51614,-77.7728521,41.24278402,81
51615,-77.80947023,41.37958603,3
51615,-77.8095566,41.37960547,4
51615,-77.80935793,41.3799425,5
51615,-77.80944431,41.37979343,6
51615,-77.80970345,41.37979991,7
51615,-77.80956524,41.37985176,8
51615,-77.81121989,41.38026333,9
51615,-77.81123413,41.37945644,10
51615,-77.80932338,41.38000732,11
51615,-77.80964298,41.3800138,12
51615,-77.80976391,41.37989713,13
51615,-77.809237,41.38076563,14
51615,-77.80940112,41.3806036,15
51615,-77.80785139,41.38038623,16
51615,-77.80947886,41.38024064,17
51615,-77.80957388,41.38027305,18
51615,-77.80962571,41.38012398,19
51615,-77.80951341,41.38074618,20
51615,-77.81004032,41.38079155,21
51615,-77.80976391,41.38083692,22
51615,-77.80870598,41.3810328,23
51615,-77.80917654,41.38086933,24
51615,-77.81035818,41.37958469,25
51615,-77.80943238,41.3812412,26
51615,-77.80879144,41.38089921,27
51615,-77.80875583,41.37952591,28
51615,-77.80922585,41.38085112,29
51615,-77.80960843,41.37957954,30
51615,-77.80967753,41.37943047,31
51615,-77.80838551,41.37986256,32
51615,-77.80831429,41.38097402,33
51615,-77.80820035,41.38011905,34
51615,-77.80934066,41.3807397,35
51615,-77.81013534,41.38079803,36
51615,-77.81019581,41.38086285,37
51615,-77.80986757,41.38085637,38
51615,-77.80929707,41.38085112,39
51615,-77.80940112,41.37986473,40
51615,-77.8094875,41.37975454,41
51615,-77.80963434,41.37974806,42
51615,-77.8099885,41.38045453,43
51615,-77.80919381,41.38099247,44
51615,-77.80957388,41.38103136,45
51615,-77.80871009,41.38121932,46
51615,-77.80959116,41.37942399,47
51615,-77.80954797,41.37936566,48
51615,-77.80989348,41.37968325,49
51615,-77.81031242,41.38082396,50
51615,-77.80953069,41.38047073,51
51615,-77.80988484,41.37977723,52
51615,-77.80978119,41.3797513,53
51615,-77.80963178,41.38127326,54
51615,-77.80894332,41.38080776,55
51615,-77.80879647,41.38080776,56
51615,-77.80951557,41.38085799,57
51615,-77.80915278,41.38108483,58
51615,-77.80946375,41.38093576,59
51615,-77.81010295,41.38004134,60
51615,-77.80993883,41.38113668,61
51615,-77.81035345,41.38103946,62
51615,-77.80940328,41.38161629,63
51615,-77.81061258,41.38020986,64
51615,-77.80889365,41.38027467,65
51616,-78.11505595,40.84343808,1
51616,-77.80725237,41.39525611,1
51616,-77.80716599,41.39508115,2
51616,-77.8071228,41.39497099,3
51616,-77.80743852,41.39523574,4
51616,-77.80698459,41.39496451,5
51616,-77.8068032,41.39510707,6
51616,-77.8069413,41.3946675,7
51616,-77.80714871,41.39477012,8
51616,-77.80697595,41.39499043,9
51616,-77.80708825,41.39495965,10
51616,-77.80708825,41.39496289,11
51616,-77.80659947,41.39485983,12
51616,-77.80713791,41.39483816,13
51616,-77.80649847,41.3950201,14
51616,-77.80707313,41.39501473,15
51616,-77.80690363,41.39480139,16
51616,-77.80713144,41.3948738,17
51616,-77.80710984,41.39501149,18
51616,-77.80712712,41.39502121,19
51616,-77.80717894,41.39514919,20
51616,-77.80724157,41.39524315,21
51616,-77.80683254,41.39561456,22
51616,-77.80717894,41.39517673,23
51616,-77.80716383,41.39506333,24
51616,-77.80643632,41.39514832,25
51616,-77.80775316,41.39455677,26
51616,-77.80714007,41.39486408,27
51616,-77.80714223,41.39483168,28
51616,-77.80793573,41.39476658,29
51616,-77.80695004,41.39500663,30
51616,-77.80691117,41.39505523,31
51616,-77.80695652,41.39503903,32
51616,-77.80705801,41.39501311,33
51616,-77.80674048,41.39499371,34
51616,-77.80696461,41.39522408,35
51616,-77.80701914,41.39499853,36
51616,-77.80723293,41.39493697,37
51616,-77.80710984,41.39491106,38
51616,-77.80745967,41.39508277,39
51616,-77.80707529,41.39527555,40
51616,-77.80690469,41.39491268,41
51616,-77.80728702,41.3950813,42
51616,-77.80621879,41.39467333,43
51616,-77.80664725,41.39485675,44
51616,-77.80641871,41.39468628,45
51616,-77.80720054,41.39520589,46
51616,-77.80716777,41.39541042,47
51616,-77.8075939,41.39494725,48
51616,-77.80711848,41.39488352,49
51616,-77.80714007,41.39483006,50
51616,-77.80715735,41.39479766,51
51616,-77.80717894,41.3947361,52
51616,-77.8071811,41.39472314,53
51616,-77.80702346,41.39495317,54
51616,-77.80699107,41.39501149,55
51616,-77.80711416,41.39498557,56
51616,-77.80703426,41.39493535,57
51616,-77.80709041,41.39492077,58
51616,-77.8069918,41.39570489,59
51616,-77.8067665,41.39588265,60
51616,-77.80659947,41.39481612,61
51616,-77.80690037,41.39506333,62
51616,-77.80686798,41.39509573,63
51616,-77.80693924,41.39508115,64
51616,-77.80655791,41.39482761,65
51616,-77.80697811,41.39498881,66
51616,-77.80709904,41.39498395,67
51616,-77.80719406,41.39505847,68
51616,-77.80703858,41.39514919,69
51616,-77.80741133,41.39495308,70
51616,-77.80705585,41.39493373,71
51616,-77.80678592,41.39464711,72
51616,-77.80705801,41.39494831,73
51616,-77.80706233,41.39493859,74
51616,-77.80714007,41.39507143,75
51616,-77.80742687,41.39459465,76
51616,-77.80656451,41.39484526,77
51616,-77.80661501,41.39484526,78
51616,-77.80717678,41.39515081,79
51616,-77.80714871,41.39509897,80
51616,-77.80679369,41.39538435,81
51616,-77.807112,41.39493535,82
51616,-77.80698243,41.39500339,83
51616,-77.80700619,41.39502121,84
51616,-77.80715735,41.39500825,85
51616,-77.80715087,41.39509087,86
51616,-77.80735818,41.39488028,87
51617,-77.74619459,41.40957664,1
51617,-77.75037639,41.40685558,2
51617,-77.75004834,41.40934326,3
51617,-77.75020363,41.40711473,4
51617,-77.75009998,41.40734796,5
51617,-77.74636214,41.40650672,6
51617,-77.7500827,41.40725726,7
51617,-77.75306433,41.40774548,8
51617,-77.74638608,41.40681192,9
51617,-77.74796588,41.40507045,10
51617,-77.75053187,41.4063632,11
51617,-77.7505837,41.40614292,12
51617,-77.74626477,41.40631137,13
51617,-77.75246592,41.4075839,14
51617,-77.74624246,41.40674011,15
51617,-77.752059,41.40611175,16
51617,-77.75075646,41.40589673,17
51617,-77.75072191,41.40563758,18
51617,-77.75007228,41.40548338,19
51617,-77.7486361,41.40726075,20
51617,-77.75110154,41.40670421,21
51617,-77.7478462,41.40447798,22
51617,-77.75009998,41.40734796,23
51617,-77.75033558,41.41024087,24
51617,-77.75060098,41.40799582,25
51617,-77.75061825,41.40650573,26
51617,-77.75049732,41.40659643,27
51617,-77.75048005,41.40670009,28
51617,-77.74992722,41.40755527,29
51617,-77.74736747,41.40790705,30
51617,-77.74796588,41.40778138,31
51617,-77.74963354,41.40812539,32
51617,-77.74971991,41.40795694,33
51617,-77.75003088,41.40762006,35
51617,-77.75110154,41.40815839,36
51617,-77.75103287,41.40799582,37
51617,-77.7493744,41.40843636,38
51617,-77.74942623,41.40831974,39
51617,-77.74785414,41.40664826,40
51617,-77.74984084,41.4081513,41
51617,-77.7500136,41.40756823,42
51617,-77.75075646,41.40633728,43
51617,-77.75029001,41.40747753,44
51617,-77.74923451,41.40630924,45
51617,-77.74951261,41.40822904,46
51617,-77.74946078,41.40798286,47
51617,-77.74629033,41.4069376,48
51617,-77.74997905,41.40780146,49
51618,-78.00843042,41.1014823,1
51618,-78.00751246,41.10060512,2
51618,-78.00980132,41.09976055,3
51618,-78.00748654,41.10067672,4
51618,-78.00809096,41.09998684,5
51618,-78.00748223,41.10078412,6
51618,-78.00739898,41.10133472,7
51618,-78.00759884,41.10068974,8
51618,-78.00730515,41.10068649,9
51618,-78.00743904,41.1007288,10
51618,-78.0073397,41.10064418,11
51618,-78.00717702,41.10112812,12
51618,-78.0076809,41.10052701,13
51618,-78.00803873,41.09940635,14
51618,-78.00782983,41.09993765,15
51618,-78.00920074,41.1001541,16
51618,-78.00784933,41.10060838,17
51618,-78.00865237,41.10112812,18
51618,-78.00803873,41.0998491,19
51618,-78.0114464,41.10099038,20
51618,-78.00899184,41.10063619,21
51618,-78.00756429,41.1005856,22
51618,-78.00737425,41.10066045,23
51618,-78.00738289,41.100693,24
51618,-78.00770249,41.10073531,25
51618,-78.00785797,41.10073205,26
51618,-78.00785365,41.10068323,27
51618,-78.00787525,41.10063441,28
51618,-78.00836329,41.10054654,29
51618,-78.0075686,41.1003773,30
51618,-78.00703738,41.10040334,31
51618,-78.0080005,41.10039683,32
51618,-78.00790548,41.10043589,33
51618,-78.00850876,41.10022297,34
51618,-78.00780615,41.10050749,35
51618,-78.00815598,41.10032523,36
51618,-78.00802209,41.10035127,37
51618,-78.00823372,41.10026339,38
51618,-78.00814734,41.1003057,39
51618,-78.00811711,41.1003415,40
51618,-78.00787093,41.10038707,41
51618,-78.00788206,41.10013442,42
51618,-78.01011467,41.09985894,43
51618,-78.00765498,41.10055305,44
51618,-78.00765066,41.1005921,45
51618,-78.00769385,41.10087525,46
51618,-78.00769385,41.10081992,47
51618,-78.00768953,41.10077761,48
51618,-78.00764203,41.10071252,49
51618,-78.00886127,41.10179713,50
51618,-78.00843042,41.10119699,51
51618,-78.00726628,41.10064418,52
51618,-78.00899184,41.10184632,53
51618,-78.00739153,41.1005856,54
51618,-78.0095402,41.10061651,55
51618,-78.00715091,41.10105925,56
51618,-78.00791412,41.10065394,57
51618,-78.00748654,41.10090129,58
51618,-78.00715091,41.10099038,59
51618,-78.0084957,41.10137408,60
51618,-78.01089804,41.10062635,61
51618,-78.00803937,41.10033174,62
51618,-78.00801345,41.10046518,63
51618,-78.007869,41.10000652,64
51618,-78.00778023,41.10054329,65
51618,-78.00922685,41.10012458,66
51618,-78.00816894,41.10065394,67
51618,-78.0080005,41.10064418,68
51618,-78.00775,41.10078087,69
51618,-78.00774136,41.10070601,70
51618,-78.00794867,41.10087525,71
51618,-78.00734402,41.10037079,72
51618,-78.00722925,41.10155117,73
51618,-78.00753837,41.1006279,74
51618,-78.0075211,41.10067998,75
51619,-77.80964937,41.38952283,1
51619,-77.80907063,41.38982741,1
51619,-77.80911382,41.38963948,2
51619,-77.80916565,41.38970428,3
51619,-77.80949389,41.38993757,4
51619,-77.80956299,41.3896654,5
51619,-77.80937296,41.38965244,6
51619,-77.80928658,41.38945802,7
51619,-77.80885469,41.38958763,8
51619,-77.80883741,41.38983389,9
51619,-77.80918293,41.38995053,10
51619,-77.80932113,41.38987277,11
51619,-77.80951117,41.38956171,12
51619,-77.8097703,41.38931546,13
51619,-77.80944206,41.38926361,14
51619,-77.80916565,41.38935434,15
51619,-77.80892379,41.38938026,16
51619,-77.80878559,41.38950987,17
51619,-77.80873376,41.3893673,18
51619,-77.80904472,41.38914696,19
51619,-77.80932113,41.38912104,20
51619,-77.8096321,41.38914696,21
51619,-77.81044405,41.38945802,22
51619,-77.81032312,41.389134,23
51619,-77.81015037,41.39008014,24
51619,-77.80971847,41.39023567,25
51619,-77.80982213,41.3900283,26
51619,-77.80992578,41.38998942,27
51619,-77.81058226,41.39006718,28
51619,-77.80942479,41.38945802,29
51619,-77.81001216,41.38932842,30
51619,-77.80959754,41.38910808,31
51619,-77.80935568,41.38934138,32
51619,-77.80989123,41.38970428,33
51619,-77.80923475,41.39001534,34
51619,-77.80952844,41.38993757,35
51619,-77.80935568,41.3896654,36
51619,-77.80925203,41.38963948,37
51619,-77.80861283,41.38938026,38
51619,-77.80921748,41.38945802,39
51619,-77.80861283,41.38962651,40
51619,-77.80990851,41.38917289,41
51619,-77.80978758,41.38954875,42
51619,-77.80850917,41.38954875,43
51619,-77.80871648,41.38921177,44
51619,-77.80895834,41.38995053,45
51619,-77.80897562,41.3901579,46
51619,-77.80961482,41.39022271,47
51619,-77.80990851,41.38945802,48
51619,-77.80897562,41.38951635,49
51619,-77.80899289,41.38967836,50
51619,-77.80951117,41.38967836,51
51619,-77.80964937,41.38975612,52
51619,-77.810159,41.38984037,53
51619,-77.8096321,41.38931546,54
51619,-77.80869057,41.38974316,55
51619,-77.81075502,41.3897302,56
51619,-77.81045269,41.38964596,57
51619,-77.80966665,41.38982741,58
51619,-77.80976166,41.38970428,59
51620,-77.78186138,41.24683677,2
51620,-77.78166271,41.24670688,3
51620,-77.78148132,41.24659647,4
51620,-77.78136902,41.24653152,5
51620,-77.78128265,41.24646658,6
51620,-77.78104079,41.24624576,7
51620,-77.78086803,41.24616782,8
51620,-77.7808162,41.24608989,9
51620,-77.78112716,41.24636266,10
51620,-77.78098032,41.24629772,11
51620,-77.78126537,41.24658348,12
51620,-77.78168863,41.24670038,13
51620,-77.78180956,41.24677832,14
51620,-77.7819564,41.24689522,15
51620,-77.78207733,41.2469212,16
51620,-77.78139494,41.24803177,17
51620,-77.78122218,41.24789538,18
51620,-77.78104079,41.24777199,19
51620,-77.78098896,41.24773951,20
51620,-77.78068663,41.2476356,21
51620,-77.78057434,41.2475187,22
51620,-77.78037567,41.24744077,23
51620,-77.78041886,41.24740829,24
51620,-77.78015109,41.2472849,25
51620,-77.77994378,41.24714202,26
51620,-77.77979693,41.24710954,27
51620,-77.77963282,41.24702511,28
51620,-77.77964145,41.2469212,29
51620,-77.77950325,41.24679131,30
51620,-77.77930458,41.2467978,31
51620,-77.77945142,41.24688873,32
51620,-77.77998697,41.24698615,33
51620,-77.78036703,41.24679131,34
51620,-77.77991786,41.24809022,35
51620,-77.77941687,41.24697316,36
51620,-77.77971056,41.24706408,37
51620,-77.78004743,41.24721995,38
51620,-77.78016836,41.24730438,39
51620,-77.78050524,41.24738232,40
51620,-77.78057434,41.2475187,41
51620,-77.78089394,41.24772653,42
51620,-77.7811358,41.24820062,43
51620,-77.78130856,41.24688223,44
51620,-77.78181819,41.24664193,45
51620,-77.7794687,41.24685626,46
51620,-77.77990059,41.24705759,47
51620,-77.78034112,41.24730438,48
51620,-77.78039295,41.24740829,49
51620,-77.78082484,41.24762261,50
51620,-77.78130856,41.24788889,51
51620,-77.78152451,41.24796682,52
51620,-77.78143813,41.24788889,53
51620,-77.78070391,41.24754468,54
51620,-77.7804275,41.24742128,55
51620,-77.77995242,41.24717449,56
51620,-77.77958963,41.24695367,57
51620,-77.77932185,41.24681079,58
51620,-77.77947733,41.24683677,59
51620,-77.78092849,41.24772653,60
51620,-77.78118763,41.24785642,61
51620,-77.7809976,41.24779147,62
51620,-77.77977966,41.24707058,63
51620,-77.77957235,41.24684327,64
51620,-77.77933913,41.24677183,65
51620,-77.77945142,41.24683677,66
51620,-77.77981421,41.24702511,67
51620,-77.78013381,41.24726541,68
51620,-77.7802461,41.24733685,69
51620,-77.78065208,41.24772653,70
51620,-77.78161088,41.24658998,71
51620,-77.78153314,41.2466874,72
51620,-77.78139494,41.24644709,73
51620,-77.78112716,41.24630421,74
51620,-77.78123082,41.24621329,75
51620,-77.78206869,41.24724593,76
51620,-77.7811358,41.2472849,77
51620,-77.77920956,41.24725892,78
51620,-77.78001288,41.24744726,79
51620,-77.78199095,41.24684327,80
51621,-77.80970345,41.3797351,1
51621,-77.8035478,41.26754761,1
51621,-77.80953933,41.37972214,2
51621,-77.80320229,41.26735932,2
51621,-77.80315046,41.26713208,3
51621,-77.80334913,41.26753462,4
51621,-77.80397106,41.2676385,5
51621,-77.80350461,41.26771641,6
51621,-77.8037983,41.26758656,7
51621,-77.80338368,41.26733985,8
51621,-77.80242152,41.26413272,9
51621,-77.80471391,41.26548295,10
51621,-77.8066909,41.26456454,11
51621,-77.80849265,41.26561463,12
51621,-77.80616507,41.2658855,13
51621,-77.80573318,41.2657946,14
51621,-77.80428202,41.26544399,15
51621,-77.80583684,41.26624909,16
51621,-77.80538767,41.26572967,17
51621,-77.80430794,41.26539205,18
51621,-77.80670062,41.26628804,19
51621,-77.80594913,41.26578811,20
51621,-77.80556906,41.26609976,21
51621,-77.80705647,41.26574221,22
51621,-77.80655378,41.26607378,23
51621,-77.80448069,41.26545698,24
51621,-77.80494714,41.26556086,25
51621,-77.80351325,41.26742425,26
51621,-77.80362554,41.26744373,27
51621,-77.80404016,41.26730738,28
51621,-77.80333186,41.26739179,29
51621,-77.80622087,41.26756755,30
51621,-77.80378966,41.26762552,31
51621,-77.80368601,41.26752813,32
51621,-77.80535312,41.26563877,33
51621,-77.80570727,41.26538556,34
51621,-77.80511126,41.26633349,35
51621,-77.80448933,41.26559332,36
51621,-77.80352189,41.26692432,37
51621,-77.80434249,41.26688537,38
51621,-77.80357372,41.2660608,39
51621,-77.8034787,41.26759955,40
51621,-77.80581956,41.26571669,41
51621,-77.80626009,41.26595042,42
51621,-77.80566408,41.26600886,43
51621,-77.80581956,41.26529466,44
51621,-77.80578501,41.26519727,45
51621,-77.80568999,41.26523622,46
51621,-77.80648468,41.2660608,47
51621,-77.80765706,41.2656637,48
51621,-77.80421022,41.26385793,49
51621,-77.80426475,41.26558034,50
51621,-77.80430794,41.26580758,51
51621,-77.80438568,41.26541802,52
51621,-77.8050767,41.26562579,53
51621,-77.80549996,41.26573616,54
51621,-77.80604414,41.26591147,55
51621,-77.80543086,41.26613222,56
51621,-77.80462754,41.26556735,57
51621,-77.80480893,41.26550243,58
51621,-77.80340073,41.26444677,59
51621,-77.80579365,41.26550243,60
51621,-77.80593185,41.26601535,61
51621,-77.80438568,41.26740477,62
51621,-77.80359099,41.26770343,63
51622,-77.74024634,41.27925302,1
51622,-77.74062861,41.28136619,2
51622,-77.74232591,41.2790114,3
51622,-77.74054867,41.27951916,4
51622,-77.74036727,41.27948021,5
51622,-77.74019452,41.27921407,6
51622,-77.73919243,41.27792228,7
51622,-77.73773013,41.27971784,8
51622,-77.74044501,41.27924003,9
51622,-77.7406005,41.27923354,10
51622,-77.73989746,41.28177827,11
51622,-77.74087691,41.27963601,12
51622,-77.74088555,41.27955162,13
51622,-77.74150747,41.27985022,14
51622,-77.73864695,41.27998755,15
51622,-77.74110149,41.2797918,16
51622,-77.74128289,41.2799411,17
51622,-77.73946661,41.28079712,18
51622,-77.73957106,41.28089524,19
51622,-77.7373515,41.27983558,20
51622,-77.74040954,41.27979132,21
51622,-77.73749512,41.27966878,22
51622,-77.74028155,41.27770555,23
51622,-77.73936216,41.27973747,24
51622,-77.74020315,41.27918161,25
51622,-77.74013405,41.27932442,26
51622,-77.73971467,41.2807775,27
51622,-77.74098056,41.27965548,28
51622,-77.74097192,41.27976583,29
51622,-77.74087691,41.28023321,30
51622,-77.74071279,41.28014882,31
51622,-77.73948254,41.27951659,32
51622,-77.74082733,41.28015435,33
51622,-77.7406696,41.2802397,34
51622,-77.74072288,41.28069399,35
51622,-77.7409201,41.28007092,36
51622,-77.74073006,41.27970092,37
51622,-77.74183741,41.27822722,38
51622,-77.74111877,41.27977881,39
51622,-77.74111877,41.27988917,40
51622,-77.74122242,41.28035654,41
51622,-77.73994402,41.27963601,42
51622,-77.74077511,41.28094909,43
51622,-77.74117059,41.27981127,44
51622,-77.74127425,41.27986969,45
51622,-77.73906079,41.27828119,46
51622,-77.74124834,41.27935039,47
51622,-77.74024634,41.27940881,48
51622,-77.738606,41.27869492,49
51622,-77.73876157,41.2803556,50
51622,-77.73984036,41.27902582,51
51622,-77.73971943,41.27909722,52
51622,-77.73965897,41.27897389,53
51622,-77.73951213,41.2791102,54
51622,-77.73958123,41.27894792,55
51622,-77.7411378,41.27908989,56
51622,-77.74026592,41.28022303,57
51622,-77.74082508,41.28020075,58
51622,-77.74099784,41.28044093,59
51622,-77.73940421,41.28047813,60
51622,-77.74008222,41.27868177,61
51622,-77.74001312,41.27918161,62
51622,-77.7410583,41.27977232,63
51622,-77.74143837,41.27978531,64
51622,-77.73767248,41.28079953,65
51622,-77.74112741,41.27988268,66
51622,-78.1166194,40.84484953,
51623,-77.75761332,41.29678711,1
51623,-77.75667339,41.29665083,2
51623,-77.7552296,41.29582941,3
51623,-77.75657837,41.29659242,4
51623,-77.75474095,41.2960408,5
51623,-77.75775776,41.29647147,6
51623,-77.75787883,41.29649644,7
51623,-77.75522223,41.29670275,8
51623,-77.75523087,41.29652753,9
51623,-77.7574729,41.29676039,10
51623,-77.75489399,41.29667679,11
51623,-77.75499765,41.29668328,12
51623,-77.75527952,41.29714678,13
51623,-77.75517904,41.29659891,14
51623,-77.75485944,41.29655349,15
51623,-77.75748714,41.29686205,16
51623,-77.75748714,41.29671224,17
51623,-77.75766518,41.29664268,18
51623,-77.75527406,41.29659891,19
51623,-77.7551013,41.29677413,20
51623,-77.75646176,41.2963231,21
51623,-77.75748167,41.29599584,22
51623,-77.75695183,41.29549589,23
51623,-77.75595956,41.29747735,24
51623,-77.75427175,41.29721518,25
51623,-77.75639698,41.29614139,26
51623,-77.7564013,41.29599213,27
51623,-77.75638834,41.29588829,28
51623,-77.7551359,41.29505169,29
51623,-77.75554176,41.29677109,30
51623,-77.75630628,41.29592074,31
51623,-77.75797853,41.29640726,32
51623,-77.75699575,41.29600062,33
51623,-77.75628469,41.29580068,34
51623,-77.75684735,41.29778519,35
51623,-77.75595645,41.29619655,36
51623,-77.75559069,41.29575306,37
51623,-77.75566402,41.29761646,38
51623,-77.75619101,41.29589361,39
51623,-77.7575726,41.29664268,40
51623,-77.75594349,41.29623549,41
51623,-77.75811598,41.29586096,42
51623,-77.75603851,41.29635231,43
51623,-77.75524147,41.29712422,44
51623,-77.75777912,41.29659988,45
51623,-77.75727349,41.29707607,46
51623,-77.7548508,41.29681956,47
51623,-77.75645807,41.29612904,48
51623,-77.75524147,41.29606483,49
51623,-77.75485512,41.29674493,50
51623,-77.75704914,41.29660865,51
51623,-77.75555911,41.29634257,52
51623,-77.75566276,41.29651455,53
51623,-77.75754411,41.29688345,54
51623,-77.75432206,41.29652635,55
51623,-77.75671658,41.29693962,56
51623,-77.75518377,41.29753342,57
51623,-77.75649199,41.29679036,58
51623,-77.75652223,41.29671573,59
51623,-77.75771503,41.29681925,60
51623,-77.75738032,41.29697441,61
51623,-77.75647472,41.29645614,62
51623,-77.75465717,41.29711081,63
51623,-77.75504947,41.29656322,64
51623,-77.75516608,41.29649832,65
51623,-77.75611193,41.29643343,66
51623,-77.75606442,41.29645939,67
51623,-77.75582069,41.29651962,68
51624,-78.11003735,40.84825713,1
51624,-78.11041742,40.84825713,2
51624,-78.10998552,40.84836821,3
51624,-78.11045197,40.84832247,4
51624,-78.11029649,40.84815258,5
51624,-78.11013237,40.84841394,6
51624,-78.11019283,40.84823099,7
51624,-78.10949317,40.84817218,8
51624,-78.1093487,40.84761704,9
51624,-78.10915286,40.848259,10
51624,-78.11021875,40.84855769,11
51624,-78.11036559,40.84840088,12
51624,-78.11030512,40.84833554,13
51624,-78.10978685,40.8483094,14
51624,-78.10983868,40.84818525,15
51624,-78.11049516,40.8480219,16
51624,-78.11062472,40.84812645,17
51624,-78.11052107,40.84805457,18
51624,-78.11118963,40.84862442,19
51624,-78.1099337,40.84825713,20
51624,-78.10999416,40.84837474,21
51624,-78.11049765,40.84865405,22
51624,-78.11078884,40.84808724,23
51624,-78.11186858,40.8464537,24
51624,-78.11145396,40.84668893,25
51624,-78.11002762,40.84733062,26
51624,-78.11083203,40.84770173,27
51624,-78.11021011,40.84812645,28
51624,-78.11021041,40.84772568,29
51624,-78.11036709,40.84749852,30
51624,-78.1094401,40.84870343,31
51624,-78.11040014,40.84813951,32
51624,-78.11068043,40.84720223,33
51624,-78.11179947,40.84619887,34
51624,-78.11159217,40.84602898,35
51624,-78.11207589,40.84644063,36
51624,-78.11232638,40.84659745,37
51624,-78.11047788,40.84818525,38
51624,-78.11014964,40.84850542,39
51624,-78.11073702,40.84923069,40
51624,-78.11037423,40.84612699,41
51624,-78.11062472,40.84785855,42
51624,-78.11062821,40.84763679,43
51624,-78.11164659,40.84718248,44
51624,-78.11123801,40.84691763,45
51624,-78.11132439,40.84685229,46
51624,-78.11094433,40.84753838,47
51624,-78.10958818,40.84817218,48
51624,-78.10994233,40.84812645,49
51624,-78.1103224,40.84851849,50
51624,-78.11097888,40.84817218,51
51624,-78.11067655,40.84815258,52
51624,-78.11050379,40.84831593,53
51624,-78.10995097,40.84825713,54
51624,-78.1117131,40.84651251,55
51624,-78.11189449,40.84621193,56
51624,-78.11252505,40.84615313,57
51624,-78.1118513,40.84681308,58
51624,-78.11127256,40.84704831,59
51624,-78.11157489,40.84663013,60
51624,-78.11073702,40.84935484,61
51624,-78.1099337,40.8483486,62
51624,-78.10992506,40.84847928,63
51624,-78.11027057,40.84849889,64
51624,-78.1103915,40.84840741,65
51624,-78.10973503,40.84822446,66
51624,-78.11143668,40.84676081,67
51624,-78.11051243,40.84818525,68
51624,-78.11030512,40.84844008,69
51624,-78.11013237,40.84837474,70
51625,-77.75154358,41.39910622,1
51625,-77.75207913,41.4000263,2
51625,-77.75136484,41.39929405,3
51625,-77.75320205,41.39987079,4
51625,-77.75169906,41.39927469,5
51625,-77.75164724,41.39940428,6
51625,-77.75214823,41.39966345,7
51625,-77.74921057,41.40158737,8
51625,-77.7533755,41.39792455,9
51625,-77.75016152,41.39777145,10
51625,-77.75085255,41.39808246,11
51625,-77.75040338,41.39797879,12
51625,-77.75028245,41.39851011,13
51625,-77.74976418,41.39954682,14
51625,-77.75150903,41.39893776,15
51625,-77.75121534,41.39796583,16
51625,-77.75139096,41.39901983,17
51625,-77.75162996,41.39839348,18
51625,-77.7531122,41.4009051,19
51625,-77.75048976,41.39773257,20
51625,-77.75162996,41.39839348,21
51625,-77.75171634,41.39866562,22
51625,-77.7482183,41.39936261,23
51625,-77.75073162,41.40071311,24
51625,-77.75161291,41.39964663,25
51625,-77.75157813,41.39845828,26
51625,-77.74961531,41.39896107,27
51625,-77.75213081,41.40103078,28
51625,-77.74836192,41.40036156,29
51625,-77.75187182,41.39975417,30
51625,-77.75185454,41.40060944,31
51625,-77.75247647,41.40033731,32
51625,-77.75076617,41.3995857,33
51625,-77.75069707,41.39908031,34
51625,-77.75185454,41.39884705,35
51625,-77.75142265,41.39861378,36
51625,-77.7506798,41.39792696,37
51625,-77.75100803,41.39796583,38
51625,-77.75128445,41.39812134,39
51625,-77.75306433,41.40155146,40
51625,-77.75173361,41.39957274,41
51625,-77.75244192,41.39989671,42
51625,-77.7496087,41.4002466,43
51625,-77.74974691,41.39990967,44
51625,-77.7526665,41.39949499,45
51625,-77.74994172,41.40204603,46
51625,-77.75009242,41.3975641,47
51625,-77.75055536,41.39782498,48
51625,-77.75263195,41.39979304,49
51625,-77.75211368,41.40019476,50
51625,-77.74808556,41.39975599,51
51625,-77.75180272,41.39799175,52
51625,-77.75040338,41.39755114,53
51625,-77.74981601,41.39753818,54
51625,-77.74912498,41.39871746,55
51625,-77.74921136,41.39839348,56
51625,-77.74897121,41.39936098,57
51625,-77.75056842,41.39958786,58
51625,-77.75121534,41.39736971,59
51625,-77.75237017,41.39699249,60
51625,-77.75043794,41.39823797,61
51626,-78.08596045,40.87578553,1
51626,-78.08563139,40.87567889,2
51626,-78.08537284,40.87579145,3
51626,-78.08521615,40.87606988,4
51626,-78.08553737,40.87601657,5
51626,-78.08536501,40.87584477,6
51626,-78.08578025,40.87576183,7
51626,-78.08583509,40.87596325,8
51626,-78.08561572,40.87606988,9
51626,-78.08453647,40.87415455,10
51626,-78.08551387,40.87493245,11
51626,-78.08590561,40.87521088,12
51626,-78.08552954,40.87520496,13
51626,-78.08545119,40.87548932,14
51626,-78.08573324,40.87560188,15
51626,-78.08583509,40.87544785,16
51626,-78.08676743,40.87574998,17
51626,-78.08507512,40.87593363,18
51626,-78.0855217,40.87575591,19
51626,-78.08563922,40.87547155,20
51626,-78.08569407,40.87583292,21
51626,-78.08488708,40.87555448,22
51626,-78.08584293,40.87534714,23
51626,-78.08550603,40.87535306,24
51626,-78.08560005,40.87550117,25
51626,-78.08567056,40.87564927,26
51626,-78.08532583,40.87596325,27
51626,-78.08820408,40.87629773,28
51626,-78.0855217,40.87587439,29
51626,-78.08596829,40.87580922,30
51626,-78.08650889,40.87582699,31
51626,-78.08611715,40.87617652,32
51626,-78.08548253,40.87507463,33
51626,-78.08515347,40.87547155,34
51626,-78.08507512,40.87493837,35
51626,-78.08547469,40.87460662,36
51626,-78.08506728,40.8747014,37
51626,-78.08525532,40.87458292,38
51626,-78.08541985,40.8745059,39
51626,-78.08515347,40.87465993,40
51626,-78.08544335,40.87468363,41
51626,-78.08545119,40.87484951,42
51626,-78.08505945,40.87519904,43
51626,-78.08563922,40.87594548,44
51626,-78.08580375,40.87587439,45
51626,-78.08629735,40.87582107,46
51626,-78.08729964,40.87519384,47
51626,-78.08536501,40.87598102,48
51626,-78.08483224,40.87449405,49
51626,-78.0860388,40.87486728,50
51626,-78.08328308,40.87575387,51
51626,-78.08544335,40.87570259,52
51626,-78.08570974,40.87599879,53
51626,-78.08541202,40.87609358,54
51626,-78.08382432,40.87607157,55
51626,-78.08586643,40.87583292,56
51626,-78.08612498,40.87589216,57
51626,-78.08509862,40.87601064,58
51626,-78.08555304,40.87439927,59
51626,-78.08550603,40.87451775,60
51626,-78.08531016,40.8747014,61
51626,-78.08558438,40.87457107,62
51626,-78.08505161,40.87434002,63
51626,-78.08559222,40.87423931,64
51626,-78.085318,40.87422154,65
51626,-78.08573324,40.87504501,66
51626,-78.08541202,40.87586254,67
51627,-78.05951236,40.87143265,1
51627,-78.05953828,40.87135427,2
51627,-78.05987515,40.87151756,3
51627,-78.05928778,40.87172005,4
51627,-78.0592326,40.87115172,5
51627,-78.05924459,40.87145878,6
51627,-78.05884092,40.87183025,7
51627,-78.05958146,40.87185721,8
51627,-78.05877682,40.8718141,9
51627,-78.05949509,40.87149143,10
51627,-78.06073525,40.87150714,11
51627,-78.05973695,40.87144571,12
51627,-78.0592705,40.87134774,13
51627,-78.05936552,40.87156982,14
51627,-78.05882667,40.87178179,15
51627,-78.06035781,40.87170101,16
51627,-78.05950372,40.87181149,17
51627,-78.05940007,40.87188334,18
51627,-78.05962465,40.87172658,19
51627,-78.05967648,40.87186374,20
51627,-78.05962465,40.87219033,21
51627,-78.05941735,40.87130854,22
51627,-78.06016884,40.87119097,23
51627,-78.0604798,40.87099502,24
51627,-78.05991834,40.87138039,25
51627,-78.06061801,40.87053779,26
51627,-78.06082532,40.8706227,27
51627,-78.06060073,40.87089051,28
51627,-78.05896198,40.87179256,29
51627,-78.05926186,40.87141959,30
51627,-78.0593396,40.87145878,31
51627,-78.06076485,40.87122363,32
51627,-78.06043661,40.87017854,33
51627,-78.05968512,40.87153063,34
51627,-78.05996153,40.87145224,35
51627,-78.05970263,40.87079091,36
51627,-78.06028977,40.87115178,37
51627,-78.06068711,40.87068802,38
51627,-78.05941735,40.87164167,39
51627,-78.0592705,40.87156328,40
51627,-78.05935688,40.87136733,41
51627,-78.05944326,40.87153063,42
51627,-78.05928778,40.87188987,43
51627,-78.05931369,40.87194213,44
51627,-78.0594303,40.8717625,45
51627,-78.05933529,40.87152736,46
51627,-78.05998037,40.87065628,47
51627,-78.05963761,40.87183435,48
51627,-78.05970263,40.87221798,49
51627,-78.05935256,40.87195192,50
51627,-78.06102831,40.87095256,51
51627,-78.06106286,40.87043655,52
51627,-78.06013704,40.87089861,53
51627,-78.0605705,40.87092643,54
51627,-78.06080372,40.87076967,55
51627,-78.06100239,40.87080886,56
51627,-78.06091601,40.87070435,57
51627,-78.06072598,40.87074354,58
51627,-78.05945622,40.87193233,59
51627,-78.05930505,40.87188987,60
51627,-78.05939143,40.87195519,61
51627,-78.06163969,40.87130251,62
51627,-78.06003063,40.87138039,63
51628,-77.86101871,41.37822651,1
51628,-77.86105326,41.37832374,2
51628,-77.86095825,41.37827189,3
51628,-77.8608805,41.37813577,4
51628,-77.86085178,41.37810266,5
51628,-77.86021796,41.37820954,6
51628,-77.86132104,41.3786867,7
51628,-77.8623936,41.37819529,8
51628,-77.86144197,41.37878392,9
51628,-77.86243277,41.37861032,10
51628,-77.86164927,41.37897189,11
51628,-77.86206957,41.37838588,12
51628,-77.86073547,41.37991952,13
51628,-77.86120874,41.37841448,14
51628,-77.86123466,41.37853115,15
51628,-77.86139878,41.378758,16
51628,-77.86118283,41.37850522,17
51628,-77.86075957,41.3779867,18
51628,-77.86068183,41.37792836,19
51628,-77.86114828,41.37801911,20
51628,-77.8605598,41.37779807,21
51628,-77.86126484,41.3780706,22
51628,-77.85979542,41.37789158,23
51628,-77.86089778,41.37829133,24
51628,-77.86045725,41.37842096,25
51628,-77.86056954,41.37860244,26
51628,-77.86133831,41.37818114,27
51628,-77.86263218,41.37785685,28
51628,-77.86151971,41.37898485,29
51628,-77.86087908,41.37731356,30
51628,-77.86088914,41.37823948,31
51628,-77.86066456,41.37788299,32
51628,-77.86056954,41.37786355,33
51628,-77.86000432,41.37905385,34
51628,-77.86248262,41.37855154,35
51628,-77.86043161,41.37946531,36
51628,-77.86167519,41.3790367,37
51628,-77.86149379,41.37891355,38
51628,-77.86058682,41.37777929,39
51628,-77.8602413,41.37846633,40
51628,-77.86245414,41.37856222,41
51628,-77.86219776,41.37799579,42
51628,-77.86160608,41.37910151,43
51628,-77.86176334,41.37796907,44
51628,-77.86043997,41.37827189,45
51629,-77.85001948,41.36422127,1
51629,-77.85015768,41.36361187,2
51629,-77.85029589,41.36448059,3
51629,-77.85020951,41.36540115,4
51629,-77.85102147,41.36470101,5
51629,-77.85019224,41.36406568,6
51629,-77.85017496,41.36328772,7
51629,-77.8522034,41.36350835,8
51629,-77.85017496,41.36295061,9
51629,-77.84967396,41.3630284,10
51629,-77.85077961,41.36361187,11
51629,-77.84675896,41.36368473,12
51629,-77.8500022,41.36497329,13
51629,-77.84967396,41.3642861,14
51629,-77.85008858,41.36365077,15
51629,-77.85031317,41.36250976,16
51629,-77.84927881,41.36245004,17
51629,-77.85031317,41.36315806,18
51629,-77.85007131,41.3643639,19
51629,-77.85031317,41.36401382,20
51629,-77.85126335,41.36256763,21
51629,-77.84989855,41.36332662,22
51629,-77.85015768,41.36258756,23
51629,-77.85250369,41.36384152,24
51629,-77.84995038,41.36317103,25
51629,-77.8500022,41.36453245,26
51629,-77.85015768,41.36499922,27
51629,-77.85001948,41.36529743,28
51629,-77.85017496,41.36444169,29
51629,-77.85026134,41.36288578,30
51629,-77.85015768,41.3622634,31
51629,-77.84927662,41.36304137,32
51629,-77.84887928,41.36253569,33
51629,-77.85096964,41.36333959,34
51629,-77.84898294,41.36405272,35
51629,-77.85076233,41.3638323,36
51629,-77.85010586,41.36346925,37
51629,-77.84848238,41.36280281,38
51629,-77.85117695,41.36376747,39
51629,-77.84919024,41.36279501,40
51629,-77.84938028,41.36275612,41
51629,-77.84791184,41.36280798,42
51629,-77.84913842,41.36178365,43
51629,-77.8512115,41.36388416,44
51629,-77.84755539,41.36168569,45
51629,-77.85003675,41.36389713,46
51629,-77.85012313,41.36518074,47
51629,-77.85031317,41.36205594,48
51629,-77.84989855,41.36247086,49
51629,-77.85128947,41.3614799,50
51629,-77.85164198,41.36509579,51
51629,-77.85020951,41.36353408,52
51629,-77.85012746,41.36469403,53
51629,-77.84938028,41.36288578,54
51629,-77.84903476,41.36267832,55
51629,-77.84862015,41.36244493,56
51629,-77.84786874,41.36265582,57
51629,-77.85179888,41.36435093,58
51629,-77.84979489,41.36372857,59
51629,-77.85120286,41.36552433,60
51629,-77.84824872,41.36415644,61
51629,-77.85126333,41.36263294,62
51629,-77.85026134,41.36425369,63
51629,-77.85145336,41.36392954,64
51629,-77.84789485,41.36368473,65
51629,-77.85072778,41.36430555,66
51629,-77.84965669,41.36338497,67
51630,-77.81002497,41.38841531,1
51630,-77.81035444,41.38842075,1
51630,-77.80985652,41.38838004,2
51630,-77.81006939,41.3880708,2
51630,-77.80927283,41.38823015,3
51630,-77.81035875,41.38851471,3
51630,-77.80954705,41.38814198,4
51630,-77.80949612,41.38800973,5
51630,-77.80897511,41.38802442,6
51630,-77.80913964,41.38788335,7
51630,-77.80944128,41.38802148,8
51630,-77.80942169,41.38787453,9
51630,-77.80887325,41.38793037,10
51630,-77.80913572,41.38812141,11
51630,-77.80921798,41.3877746,12
51630,-77.80956271,41.38826836,13
51630,-77.80975858,41.38834184,14
51630,-77.80978209,41.38823897,15
51630,-77.80935509,41.38832126,16
51630,-77.80946086,41.3884976,17
51630,-77.80930417,41.38818313,18
51630,-77.80925716,41.38802442,19
51630,-77.80926499,41.38790392,20
51630,-77.80930025,41.38786278,21
51630,-77.8093786,41.38775403,22
51630,-77.80931984,41.38807439,23
51630,-77.80876357,41.38804206,24
51630,-77.80876748,41.38793037,25
51630,-77.80903387,41.3878569,26
51630,-77.80996621,41.38824779,27
51630,-77.80978992,41.38848585,28
51630,-77.81015816,41.38824191,29
51630,-77.80962931,41.38796858,30
51630,-77.80911613,41.38812141,31
51630,-77.80932767,41.38830069,32
51630,-77.80964498,41.38828306,33
51630,-77.80945303,41.38815668,34
51630,-77.80934726,41.38799503,35
51630,-77.80899469,41.38798621,36
51630,-77.80912397,41.38798915,37
51630,-77.80909263,41.38820076,38
51630,-77.80935901,41.38843294,39
51630,-77.81031877,41.38829187,40
51630,-77.80994662,41.38822134,41
51630,-77.80996229,41.38843882,42
51630,-77.80982126,41.38829187,43
51630,-77.81006806,41.38832714,44
51630,-77.80992703,41.38783632,45
51630,-77.80928458,41.3886181,46
51630,-77.80884191,41.38830363,47
51630,-77.80910046,41.38814198,48
51630,-77.80923757,41.38794801,49
51630,-77.80916706,41.38839768,50
51630,-77.80886934,41.38815374,51
51630,-77.80893593,41.38801854,52
51630,-77.80944911,41.38841237,53
51630,-77.80953138,41.38833302,54
51630,-77.80952354,41.38821252,55
51630,-77.80995054,41.38857108,56
51630,-77.81009548,41.38847997,57
51630,-77.81032269,41.38802442,58
51630,-77.80944128,41.38856814,59
51630,-77.80883016,41.38780399,60
51630,-77.80896335,41.38812141,61
51630,-77.80872831,41.38811553,62
51630,-77.80899469,41.38835653,63
51630,-77.8090182,41.38826836,64
51630,-77.80910438,41.38850642,65
51630,-77.80870481,41.38813023,66
51631,-77.75245717,41.2902079,1
51631,-78.11678352,40.8446731,2
51631,-77.75432821,41.29054703,2
51631,-77.75420728,41.29012517,3
51631,-77.75260031,41.28982216,4
51631,-77.75295331,41.29026676,5
51631,-77.75200389,41.29006646,6
51631,-77.75117244,41.29049386,7
51631,-77.75724596,41.29010243,8
51631,-77.75425047,41.29033285,9
51631,-77.7555232,41.29083901,10
51631,-77.75546841,41.29002132,11
51631,-77.75514017,41.28978767,12
51631,-77.75492479,41.28897181,13
51631,-77.75372797,41.29103685,14
51631,-77.75413818,41.28945666,15
51631,-77.75407614,41.28700972,16
51631,-77.75585215,41.29026403,17
51631,-77.7540518,41.28980714,18
51631,-77.75732708,41.28967778,19
51631,-77.75305775,41.28997572,20
51631,-77.75450961,41.29087154,21
51631,-77.75452688,41.29059246,22
51631,-77.7516067,41.29133333,23
51631,-77.75444914,41.29100135,24
51631,-77.75300662,41.29069631,25
51631,-77.75457871,41.29048213,26
51631,-77.75205177,41.29058054,27
51631,-77.75502054,41.2888966,28
51631,-77.75446642,41.28979416,29
51631,-77.75409499,41.28958647,30
51631,-77.75348861,41.28730403,31
51631,-77.75374947,41.28913863,32
51631,-77.75388768,41.28892445,33
51631,-77.75392223,41.28906724,34
51631,-77.7538013,41.2889569,35
51631,-77.75372356,41.28873623,36
51631,-77.75364582,41.28878166,37
51631,-77.75409499,41.28930089,38
51631,-77.75476442,41.28947289,39
51631,-77.75430662,41.28960269,40
51631,-77.75278149,41.29103791,41
51631,-77.75431525,41.28994019,42
51631,-77.75424615,41.29038153,43
51631,-77.75322531,41.28783544,44
51631,-77.75468668,41.29100459,45
51631,-77.75466941,41.29121228,46
51631,-77.75454848,41.29117983,47
51631,-77.75322531,41.28945415,48
51631,-77.75381426,41.28924572,49
51631,-77.75459167,41.28944044,50
51631,-77.75441027,41.28958971,51
51631,-77.75431525,41.28943395,52
51631,-77.75377585,41.2882671,53
51631,-77.7538229,41.28942096,54
51631,-77.75230049,41.28971739,55
51631,-77.75478117,41.28772752,56
51631,-77.75452005,41.28846167,57
51631,-77.75495446,41.28971952,58
51631,-77.75531725,41.28978442,59
51631,-77.75498037,41.2895313,60
51631,-77.75420296,41.28930414,61
51631,-77.7559534,41.28897834,62
51631,-77.7535033,41.28996615,63
51631,-77.75429798,41.29088128,64
51632,-77.99597228,41.09333567,1
51632,-78.02727588,40.88348267,5
51632,-78.02689581,40.88358063,6
51632,-78.02528474,40.88463463,7
51632,-78.02880556,40.88285127,8
51632,-78.02690445,40.88352186,9
51632,-78.0266194,40.88364594,10
51632,-78.02674033,40.88364594,11
51632,-78.02687854,40.88370471,12
51632,-78.02710312,40.88361982,13
51632,-78.02528474,40.88473334,14
51632,-78.02725622,40.88437799,15
51632,-78.02744863,40.88329329,16
51632,-78.02730179,40.8831888,17
51632,-78.02712903,40.88316267,18
51632,-78.02696491,40.88324757,19
51632,-78.02788292,40.88424966,20
51632,-78.02705129,40.88350227,21
51632,-78.0273277,40.8832541,22
51632,-78.02737089,40.88343696,23
51632,-78.02713767,40.88330635,24
51632,-78.02731043,40.88302553,25
51632,-78.0273277,40.88369818,26
51632,-78.02737089,40.88346961,27
51632,-78.02671442,40.88369165,28
51632,-78.02567642,40.88479256,29
51632,-78.02720677,40.88267288,30
51632,-78.02693036,40.88267288,31
51632,-78.0268699,40.88381573,32
51632,-78.02775096,40.88255532,33
51632,-78.02743136,40.88292104,34
51632,-78.0273277,40.8828688,35
51632,-78.02752637,40.88275124,36
51632,-78.02738817,40.88275778,37
51632,-78.02759548,40.88265982,38
51632,-78.02818285,40.88337165,39
51632,-78.0262307,40.88304512,40
51632,-78.02601475,40.88284267,41
51632,-78.02544141,40.88468398,42
51632,-78.02754346,40.8843385,43
51632,-78.02690445,40.88343043,44
51632,-78.02766097,40.88426941,45
51632,-78.0271895,40.883339,46
51632,-78.02706857,40.88247043,47
51632,-78.02739681,40.88356104,48
51632,-78.0277763,40.88422663,49
51632,-78.02940397,40.88335798,50
51632,-78.02720677,40.882699,51
51632,-78.02724996,40.88315614,52
51632,-78.02677314,40.88497024,53
51632,-78.02607521,40.88287533,54
51632,-78.02650711,40.88275124,55
51632,-78.02627389,40.88237247,56
51632,-78.02591973,40.88393981,57
51632,-78.02734498,40.88388104,58
51633,-78.00567907,41.10045053,1
51633,-78.00585615,41.10044402,2
51633,-78.00660255,41.10247598,3
51633,-78.00599867,41.10025526,4
51633,-78.00666783,41.10226937,5
51633,-78.00576977,41.10034964,6
51633,-78.00848264,41.09832408,7
51633,-78.00593821,41.10053515,8
51633,-78.00587774,41.10048308,9
51633,-78.00732064,41.09970152,10
51633,-78.00568771,41.10049284,11
51633,-78.00558838,41.10055142,12
51633,-78.00626309,41.10240711,13
51633,-78.00578273,41.10015762,14
51633,-78.00515331,41.09927845,15
51633,-78.00596844,41.09976707,16
51633,-78.00583024,41.09986796,17
51633,-78.00579137,41.0998582,18
51633,-78.00618439,41.10033988,19
51633,-78.00604618,41.10049284,20
51633,-78.00589934,41.10037568,21
51633,-78.00276403,41.10117731,22
51633,-78.00583024,41.10020318,23
51633,-78.00573954,41.10020644,24
51633,-78.00561429,41.10012507,25
51633,-78.00556678,41.10015111,26
51633,-78.00597585,41.10150198,27
51633,-78.00581296,41.10019017,28
51633,-78.00583455,41.10004696,29
51633,-78.00521859,41.10185616,30
51633,-78.00606778,41.10041799,31
51633,-78.00613256,41.10031384,32
51633,-78.00607641,41.10023898,33
51633,-78.0035474,41.10284,34
51633,-78.00593821,41.10055468,35
51633,-78.00603323,41.10058071,36
51633,-78.00612392,41.100431,37
51633,-78.00641329,41.10005673,38
51633,-78.0060505,41.10021946,39
51633,-78.00614558,41.10137408,40
51633,-78.00601163,41.10040822,41
51633,-78.0051608,41.10081504,42
51633,-78.00620166,41.10042775,43
51633,-78.00690284,41.0988357,44
51633,-78.00592525,41.09970198,45
51633,-78.00625003,41.09895377,46
51633,-78.00702035,41.10027216,47
51633,-78.00590798,41.09985169,48
51633,-78.00582592,41.09993305,49
51633,-78.00576545,41.09991678,50
51633,-78.00579137,41.1001088,51
51633,-78.00603323,41.10027804,52
51633,-78.00614984,41.10029757,53
51633,-78.00682451,41.10253501,54
51633,-78.00650399,41.10089966,55
51633,-78.00605914,41.10058722,56
51633,-78.00478774,41.10154133,57
51633,-78.00578705,41.10023248,58
51633,-78.00601595,41.09961736,59
51633,-78.0058907,41.09953274,60
51633,-78.0059814,41.09976056,61
51633,-78.00738592,41.09930797,62
51633,-78.00580432,41.1000014,63
51633,-78.00711174,41.09968184,64
51633,-78.00686367,41.09943587,65
51633,-78.00621462,41.10043751,66
51633,-78.0054536,41.10163972,67
51633,-78.00648239,41.1004668,68
51633,-78.00612392,41.10028129,69
51633,-78.00571473,41.10166923,70
51633,-78.00588206,41.10031709,71
51633,-78.0061412,41.10041148,72
51633,-78.00585183,41.10049935,73
51633,-78.00579137,41.10051562,74
51633,-78.00584319,41.10056444,75
51633,-78.00600299,41.10050586,76
51633,-78.00668089,41.10074441,77
51633,-78.00583887,41.10064255,78
51634,-78.07205903,40.86108032,1
51634,-78.07203416,40.86102926,2
51634,-78.0720235,40.8609997,3
51634,-78.07234773,40.86078069,5
51634,-78.07264016,40.86099459,6
51634,-78.07218784,40.86087474,7
51634,-78.07082416,40.86089225,8
51634,-78.0720386,40.86097148,9
51634,-78.07210967,40.86097148,10
51634,-78.07087401,40.86086532,11
51634,-78.07215941,40.8606517,12
51634,-78.07254758,40.86057986,13
51634,-78.0713706,40.86055764,14
51634,-78.07177211,40.86053883,15
51634,-78.07247209,40.86036147,16
51634,-78.07279543,40.86082906,17
51634,-78.07265441,40.86105922,18
51634,-78.07078143,40.86082223,19
51634,-78.07262592,40.86052061,20
51634,-78.07218073,40.86069201,21
51634,-78.07192135,40.86070276,22
51634,-78.07183607,40.86063557,23
51634,-78.07164775,40.86100642,24
51634,-78.07223758,40.86070813,25
51634,-78.0725547,40.86047752,26
51634,-78.07201018,40.86064901,27
51634,-78.07195333,40.86084249,28
51634,-78.07252539,40.86101985,29
51634,-78.07238326,40.86096342,30
51634,-78.07217362,40.86110585,31
51634,-78.0720315,40.86115153,32
51634,-78.07254671,40.86065438,33
51634,-78.07268528,40.86048777,34
51634,-78.07244011,40.86050927,35
51634,-78.07199596,40.86070813,36
51634,-78.07207769,40.86067588,37
51634,-78.0722056,40.86070276,38
51634,-78.07228733,40.86066245,39
51634,-78.07196043,40.86096073,40
51634,-78.07161577,40.86068932,41
51634,-78.07174013,40.86063557,42
51634,-78.07165841,40.8606732,43
51634,-78.07161222,40.86077262,44
51634,-78.07081704,40.86084916,45
51634,-78.07139192,40.86095267,46
51634,-78.07149496,40.86085056,47
51634,-78.07203505,40.86078069,48
51634,-78.07219139,40.86101985,49
51635,-78.05530484,40.86392541,1
51635,-78.05510586,40.86414575,2
51635,-78.05514139,40.86409201,3
51635,-78.05542565,40.86387704,4
51635,-78.05534037,40.86397915,5
51635,-78.05467948,40.86467243,6
51635,-78.05482155,40.86371423,7
51635,-78.05522667,40.86425324,8
51635,-78.05472922,40.86483366,9
51635,-78.05373195,40.86450055,10
51635,-78.05404701,40.86422099,11
51635,-78.05463639,40.86367653,12
51635,-78.05490688,40.86444134,13
51635,-78.05540552,40.86430128,14
51635,-78.05511297,40.86421025,15
51635,-78.05558909,40.86382867,16
51635,-78.05473633,40.8647423,17
51635,-78.05486424,40.86469393,18
51635,-78.05555356,40.86414575,19
51635,-78.05579518,40.86401677,20
51635,-78.05575965,40.86384479,21
51635,-78.05495663,40.86394153,22
51635,-78.05519114,40.86388241,23
51635,-78.05516271,40.86397378,24
51635,-78.05495663,40.86436073,25
51635,-78.05510586,40.86421562,26
51635,-78.05473633,40.86482291,27
51635,-78.05460841,40.86469393,28
51635,-78.05445207,40.86469393,29
51635,-78.05423888,40.86515074,30
51635,-78.05395463,40.86514537,31
51635,-78.05390488,40.86495727,32
51635,-78.05388356,40.86478529,33
51635,-78.05401858,40.86468318,34
51635,-78.05407543,40.86490353,35
51635,-78.05568326,40.86520608,36
51635,-78.05432416,40.86483366,37
51635,-78.05512778,40.86501758,38
51635,-78.05455156,40.86500564,39
51635,-78.0541536,40.86467781,40
51635,-78.05413939,40.8645757,41
51635,-78.05509875,40.8651185,42
51635,-78.05446628,40.86373193,43
51635,-78.05598705,40.86426936,44
51635,-78.05401148,40.86519911,45
51635,-78.05468658,40.86516149,46
51635,-78.05499959,40.86451132,47
51635,-78.0550352,40.86445747,48
51635,-78.05465816,40.86489278,49
51635,-78.05401148,40.86452733,50
51635,-78.05395463,40.86444134,51
51635,-78.05396884,40.86386629,52
51635,-78.05489277,40.86494218,53
51635,-78.05410031,40.86369969,54
51635,-78.05434548,40.8638851,55
51635,-78.05400792,40.86410813,56
51635,-78.05413584,40.86403827,57
51635,-78.05384803,40.86471274,58
